---
pdf-engine: xelatex
header-includes:
- \input{$UNI/.templates/settings/preamble.tex}
- \input{$UNI/.templates/settings/minted_settings.tex}
- \newcommand\Type{\Lab}
- \Work{db}
- \renewcommand\Variant{6}
- \newcommand\Date{2.11.\the\year}
- \newcommand\Number{4}
- \newcommand\Topic{Написання запитів SELECT. Ч. 1}
---

\input{$UNI/.templates/parts/header.tex}
отримання практичних навичок створення запитів на вибірку,
сортування, фільтрування, групування даних засобами SQL.

# Завдання для виконання роботи

Для бази даних за індивідуальним завданням виконати завдання 1–7:

1. Використовуючи оператори SELECT, FROM, LIMIT, DISTINCT,
IS NULL та інші, написати 5 скриптів для створення запитів простої вибірки з
таблиць бази даних.

2. Використовуючи оператори ORDER BY, DESK, написати 3
скрипти для здійснення сортування даних під час створення запитів до бази даних.

3. Використовуючи оператори IN, BETWEEN, LIKE, REGEXP
написати 5 скриптів для здійснення фільтрації даних при створенні запитів до бази
даних.

4. Використовуючи агрегатні функції, написати 5 скриптів для
створення запитів різного типу до бази даних.

5. Використовуючи оператори GROUP BY і HAVING, написати 3
скрипти для групування вибраних даних під час створення аналітичних та
підсумкових запитів до бази даних.

6. Використовуючи оператор VIEW створити 2 представлення для
висвітлення інформації із таблиць бази даних.

7. Записати команди надання 4 типів доступу до елементів бази
даних та команди скасування наданих привілеїв.

# Етапи розв'язку

## Завдання 1

1. Вибрати всі поля з таблиці `product`

```sql
MariaDB [test]> select * from product;
+------+----------+--------+-------------------------------------+-----------------+
| id   | quantity | price  | name                                | id_manufacturer |
+------+----------+--------+-------------------------------------+-----------------+
| 1001 |      100 | 599.99 | "GAGA" Electric Guitar              |               5 |
| 1002 |       50 | 799.99 | "Malyatko" Electric Guitar          |               4 |
| 1003 |       75 | 299.99 | "Spine" Double-Neck Acoustic Guitar |               7 |
| 1004 |       20 | 129.99 | "Shredder" Electric Guitar          |               8 |
| 1005 |       45 | 749.99 | Ibanjek G1958 Electric Guitar       |               4 |
| 1006 |       45 | 749.99 | Ibanjek G6958 Electric Guitar       |               4 |
| 1007 |       45 | 749.99 | Ibanjek G2958 Electric Guitar       |               4 |
| 1008 |       45 | 749.99 | Ibanjek G3958 Electric Guitar       |               4 |
| 1009 |       45 | 749.99 | Ibanjek G4958 Electric Guitar       |               4 |
| 1010 |       45 | 749.99 | Ibanjek G5958 Electric Guitar       |               4 |
| 2001 |       25 | 349.99 | "chipupino" violin                  |               9 |
| 2002 |       25 | 349.99 | "bambino" violin                    |               9 |
| 2003 |       25 | 349.99 | "cupipi" violin                     |               9 |
| 2004 |       25 | 349.99 | "strtok" violin                     |               9 |
| 2005 |       25 | 349.99 | "strcmp" violin                     |               9 |
| 2006 |       25 | 349.99 | "strcat" violin                     |               9 |
| 2007 |       25 | 349.99 | "DROP" violin                       |               9 |
| 2008 |       25 | 349.99 | "SELECT" violin                     |               9 |
| 2009 |       25 | 349.99 | "DELETE" violin                     |               9 |
| 2010 |       25 | 349.99 | "ALTER" violin                      |               9 |
| 3303 |       55 | 899.99 | funny-looking cello                 |               9 |
| 6060 |       30 | 199.99 | "Shimamimu" Flute                   |               4 |
| 9003 |       25 | 349.99 | bow                                 |              10 |
| 9093 |       60 | 399.99 | "Jazzmaster" Pick                   |               6 |
| 9097 |       40 | 499.99 | Cool Pick                           |               5 |
+------+----------+--------+-------------------------------------+-----------------+
25 rows in set (0.001 sec)
```

2. Вибрати 5 рядків із таблиці `material`

```sql
MariaDB [test]> select * from material limit 5;
+----+----------+
| id | name     |
+----+----------+
|  1 | Oak      |
|  2 | Acacia   |
|  3 | Mahagoni |
|  4 | Rosewood |
|  5 | Maple    |
+----+----------+
5 rows in set (0.001 sec)
```

3. Вибрати різні `id` виробника з
таблиці `product`

```sql
MariaDB [test]> select distinct id_manufacturer from product
    -> ;
+-----------------+
| id_manufacturer |
+-----------------+
|               4 |
|               5 |
|               6 |
|               7 |
|               8 |
|               9 |
|              10 |
+-----------------+
7 rows in set (0.001 sec)
```

4. Вибрати всіх працівників, у яких визначене середнє ім'я.

```sql
MariaDB [test]> select * from employee where  mname is not null;
+------+---------+------------+----------+--------+-------------+
| id   | fname   | mname      | lname    | salary | position    |
+------+---------+------------+----------+--------+-------------+
|    0 | Edward  | Joseph     | Turner   |  45000 | salesperson |
|  230 | Daniel  | Eric       | Young    |  70000 | salesperson |
| 1001 | Richard | Charles    | Hall     |  50000 | salesperson |
| 1020 | Mary    | Donald     | Garcia   |  45000 | salesperson |
| 1102 | David   | Alfred     | Anderson |  60000 | manager     |
| 1111 | Helen   | Johann     | King     |  70000 | technician  |
| 1234 | Susan   | Fmeow      | Wright   |  60000 | salesperson |
| 2101 | Linda   | Bob        | Clark    |  55000 | supervisor  |
| 4321 | George  | George     | Harris   |  55000 | salesperson |
| 9999 | Karen   | Heeeeeeeee | Lee      |  50000 | salesperson |
+------+---------+------------+----------+--------+-------------+
10 rows in set (0.001 sec)
```

5. Вибрати лади з гітар та записати вивід у файл `frets_from_guitar`.

```sql
MariaDB [test]> select frets into outfile 'frets_from_guitar' from guitar? <++>
Query OK, 10 rows affected (0.001 sec)
```

```sh
[penumbra test]# cat frets_from_guitar
22
24
22
21
24
20
22
20
22
21
```

## Завдання 2

1. Вибрати всі поля з `manufacturer` та відсортувати їх за стовпцем `name`.

```sql
MariaDB [test]> select * from manufacturer order by name;
+----+--------------+-----------+--------------+
| id | address_code | phone     | name         |
+----+--------------+-----------+--------------+
|  8 |        13579 | 982435342 | bender       |
|  7 |        24680 | 953433421 | Chibson      |
|  1 |        12345 | 952341234 | GuitarCo     |
|  4 |        12312 | 952387645 | ibanjek      |
|  5 |        56789 | 952423345 | jackdaughter |
|  6 |        43210 | 982346789 | Kurt         |
|  9 |        86420 | 953448769 | MusicMagic   |
|  2 |        54321 | 683245678 | MusicMakers  |
| 10 |        97531 | 952431122 | NotePerfect  |
|  3 |        98765 | 982349876 | SoundWave    |
+----+--------------+-----------+--------------+
10 rows in set (0.001 sec)
```

2. Вибрати дату замовлення з `order_sheet` і відсортувати за `id` продавця
в порядку спадання.

```sql
MariaDB [test]> select date from order_sheet order by id_seller desc;
+---------------------+
| date                |
+---------------------+
| 2023-10-13 17:00:00 |
| 2023-10-13 16:00:00 |
| 2023-10-13 10:00:00 |
| 2023-10-13 11:00:00 |
| 2023-10-13 15:00:00 |
| 2023-10-13 13:00:00 |
| 2023-10-13 12:00:00 |
| 2023-10-13 14:00:00 |
| 2023-10-13 18:00:00 |
| 2023-10-13 19:00:00 |
+---------------------+
10 rows in set (0.001 sec)
```

3. Вибрати назву частини інструмента, `id` матеріалу з `product_has_material` та відсортувати за `id_material`:


```sql
MariaDB [test]> select part_name, id_material
			from product_has_material
			order by id_material asc;
+-----------+-------------+
| part_name | id_material |
+-----------+-------------+
| fretboard |           1 |
| body      |           1 |
| body      |           1 |
| body      |           2 |
| fretboard |           2 |
| neck      |           3 |
| body      |           4 |
| fretboard |           4 |
| fretboard |           4 |
| neck      |           4 |
| neck      |           5 |
| neck      |           5 |
+-----------+-------------+
12 rows in set (0.001 sec)
```

## Завдання 3

1. Вибрати всі значення з продуктів, де кількість або 25, або 30.

```sql
MariaDB [test]> select * from product where quantity in (25, 30);
+------+----------+--------+--------------------+-----------------+
| id   | quantity | price  | name               | id_manufacturer |
+------+----------+--------+--------------------+-----------------+
| 2001 |       25 | 349.99 | "chipupino" violin |               9 |
| 2002 |       25 | 349.99 | "bambino" violin   |               9 |
| 2003 |       25 | 349.99 | "cupipi" violin    |               9 |
| 2004 |       25 | 349.99 | "strtok" violin    |               9 |
| 2005 |       25 | 349.99 | "strcmp" violin    |               9 |
| 2006 |       25 | 349.99 | "strcat" violin    |               9 |
| 2007 |       25 | 349.99 | "DROP" violin      |               9 |
| 2008 |       25 | 349.99 | "SELECT" violin    |               9 |
| 2009 |       25 | 349.99 | "DELETE" violin    |               9 |
| 2010 |       25 | 349.99 | "ALTER" violin     |               9 |
| 6060 |       30 | 199.99 | "Shimamimu" Flute  |               4 |
| 9003 |       25 | 349.99 | bow                |              10 |
+------+----------+--------+--------------------+-----------------+
12 rows in set (0.001 sec)
```

2. Вибрати назву та ціну з продуктів, де `id` від 2000 до 3000.

```sql
MariaDB [test]> select name, price from product where id between 2000 and 3000;
+--------------------+--------+
| name               | price  |
+--------------------+--------+
| "chipupino" violin | 349.99 |
| "bambino" violin   | 349.99 |
| "cupipi" violin    | 349.99 |
| "strtok" violin    | 349.99 |
| "strcmp" violin    | 349.99 |
| "strcat" violin    | 349.99 |
| "DROP" violin      | 349.99 |
| "SELECT" violin    | 349.99 |
| "DELETE" violin    | 349.99 |
| "ALTER" violin     | 349.99 |
+--------------------+--------+
10 rows in set (0.001 sec)
```

3. Вивести покупців, у яких ім'я починається з `j` (`J`):

```sql
MariaDB [test]> select * from buyer where fname like "j%";
+----+-------+-----------+--------+
| id | fname | mname     | lname  |
+----+-------+-----------+--------+
|  1 | John  | John      | Doe    |
|  2 | Jane  | Dominique | Smith  |
|  9 | James | Ivan      | Wilson |
+----+-------+-----------+--------+
3 rows in set (0.001 sec)
```


4. Вивести покупців, у яких в ім'ї присутня буква `m`, після якої йде `i`, `j` чи `m`.

```sql
MariaDB [test]> select * from buyer where fname regexp "m[ijm]";
+----+---------+---------+-------+
| id | fname   | mname   | lname |
+----+---------+---------+-------+
|  5 | Michael | Fred    | Brown |
|  6 | Emily   | Michael | Jones |
+----+---------+---------+-------+
2 rows in set (0.001 sec)
```

5. Вибрати продукти, в яких назва закінчується на `r`:

```sql
MariaDB [test]> select * from product where name regexp "r$";
+------+----------+--------+-------------------------------------+-----------------+
| id   | quantity | price  | name                                | id_manufacturer |
+------+----------+--------+-------------------------------------+-----------------+
| 1001 |      100 | 599.99 | "GAGA" Electric Guitar              |               5 |
| 1002 |       50 | 799.99 | "Malyatko" Electric Guitar          |               4 |
| 1003 |       75 | 299.99 | "Spine" Double-Neck Acoustic Guitar |               7 |
| 1004 |       20 | 129.99 | "Shredder" Electric Guitar          |               8 |
| 1005 |       45 | 749.99 | Ibanjek G1958 Electric Guitar       |               4 |
| 1006 |       45 | 749.99 | Ibanjek G6958 Electric Guitar       |               4 |
| 1007 |       45 | 749.99 | Ibanjek G2958 Electric Guitar       |               4 |
| 1008 |       45 | 749.99 | Ibanjek G3958 Electric Guitar       |               4 |
| 1009 |       45 | 749.99 | Ibanjek G4958 Electric Guitar       |               4 |
| 1010 |       45 | 749.99 | Ibanjek G5958 Electric Guitar       |               4 |
+------+----------+--------+-------------------------------------+-----------------+
10 rows in set (0.001 sec)
```

## Завдання 4

1. Вивести середню ціну з продуктів

```sql
MariaDB [test]> select avg(price) from product;
+--------------------+
| avg(price)         |
+--------------------+
| 487.18999145507814 |
+--------------------+
1 row in set (0.013 sec)
```

2. Вибрати продукти, в яких ціна в діапазоні `максимальна_ціна` --- `максимальна_ціна - 200`.

```sql
MariaDB [test]> select * from product where price >
			(select max(price)-200 from product);
+------+----------+--------+-------------------------------+-----------------+
| id   | quantity | price  | name                          | id_manufacturer |
+------+----------+--------+-------------------------------+-----------------+
| 1002 |       50 | 799.99 | "Malyatko" Electric Guitar    |               4 |
| 1005 |       45 | 749.99 | Ibanjek G1958 Electric Guitar |               4 |
| 1006 |       45 | 749.99 | Ibanjek G6958 Electric Guitar |               4 |
| 1007 |       45 | 749.99 | Ibanjek G2958 Electric Guitar |               4 |
| 1008 |       45 | 749.99 | Ibanjek G3958 Electric Guitar |               4 |
| 1009 |       45 | 749.99 | Ibanjek G4958 Electric Guitar |               4 |
| 1010 |       45 | 749.99 | Ibanjek G5958 Electric Guitar |               4 |
| 3303 |       55 | 899.99 | funny-looking cello           |               9 |
+------+----------+--------+-------------------------------+-----------------+
8 rows in set (0.000 sec)
```

3. Вибрати мінімальне прізвище працівника, `id` якого менше за 100.

```sql
MariaDB [test]> select min(fname) from employee where id < 100;
+------------+
| min(fname) |
+------------+
| Edward     |
+------------+
1 row in set (0.001 sec)
```

4. Вивести кількість покупців, у яких `id` більше за 5:

```sql
MariaDB [test]> select count(*) from buyer where id > 5;
+----------+
| count(*) |
+----------+
|        5 |
+----------+
1 row in set (0.001 sec)
```

5. Вивести ціну всіх продуктів

```sql
MariaDB [test]> select sum(price*quantity) from product;
+---------------------+
| sum(price*quantity) |
+---------------------+
|   523340.2412414551 |
+---------------------+
1 row in set (0.001 sec)
```

## Завдання 5

1. Відобразити кількість різних видів товарів від кожного виробника.

```sql
MariaDB [test]> select id_manufacturer, count(*) as count
    -> from product
    -> group by id_manufacturer
    -> order by count;
+-----------------+-------+
| id_manufacturer | count |
+-----------------+-------+
|               6 |     1 |
|               7 |     1 |
|               8 |     1 |
|              10 |     1 |
|               5 |     2 |
|               4 |     8 |
|               9 |    11 |
+-----------------+-------+
7 rows in set (0.001 sec)
```

2. Вибрати загальну кількість товарів різних виробників та суму їх цін.

```sql
MariaDB [test]> select id_manufacturer, sum(price), sum(quantity)
    -> from product group by id_manufacturer;
+-----------------+--------------------+---------------+
| id_manufacturer | sum(price)         | sum(quantity) |
+-----------------+--------------------+---------------+
|               4 |  5499.919937133789 |           350 |
|               5 |   1099.97998046875 |           140 |
|               6 |   399.989990234375 |            60 |
|               7 |   299.989990234375 |            75 |
|               8 | 129.99000549316406 |            20 |
|               9 |  4399.889892578125 |           305 |
|              10 |   349.989990234375 |            25 |
+-----------------+--------------------+---------------+
7 rows in set (0.001 sec)
```

3. Вибрати `id` виробника, перші 3 літери назви та кількість видів товарів кожного виробника.

```sql
MariaDB [test]> select id_manufacturer, group_concat(left(name,3)), count(*) as count
    -> from product group by id_manufacturer having count(*)>1;
+-----------------+---------------------------------------------+-------+
| id_manufacturer | group_concat(left(name,3))                  | count |
+-----------------+---------------------------------------------+-------+
|               4 | "Ma,Iba,Iba,Iba,Iba,Iba,Iba,"Sh             |     8 |
|               5 | "GA,Coo                                     |     2 |
|               9 | "ch,"ba,"cu,"st,"st,"st,"DR,"SE,"DE,"AL,fun |    11 |
+-----------------+---------------------------------------------+-------+
3 rows in set (0.001 sec)
```

## Завдання 6

1. Створити таблицю замовлень за жовтень 2023 року.

```sql
MariaDB [test]> create view orders_23_10 as select * from order_sheet where date regexp
    -> "2023-10";
Query OK, 0 rows affected (0.305 sec)
MariaDB [test]> show tables
    -> ;
+----------------------+
| Tables_in_test       |
+----------------------+
| bowed                |
| buyer                |
| employee             |
| guitar               |
| manufacturer         |
| material             |
| order_details        |
| order_sheet          |
| orders_23_10         |
| product              |
| product_has_material |
+----------------------+
11 rows in set (0.001 sec)
```

2. Створити подання дат замовлень, ім'я покупця в яких містить `john`:

```sql
MariaDB [test]> create view john_order_dates as select id, date from order_sheet where
    -> id_buyer in (select id from buyer where fname like "john");
Query OK, 0 rows affected (0.062 sec)
MariaDB [test]> select * from john_order_dates;
+----+---------------------+
| id | date                |
+----+---------------------+
|  1 | 2023-10-13 10:00:00 |
+----+---------------------+
1 row in set (0.053 sec)
```

## Завдання 7

1. Додаю користувача та надаю йому всі дозволи:

```sql
MariaDB [(none)]> create user sasha@localhost identified by 'password';
Query OK, 0 rows affected (0.010 sec)

MariaDB [(none)]> grant all privileges on music_store.* to sasha@localhost;
Query OK, 0 rows affected (0.008 sec)

MariaDB [(none)]> flush privileges;
Query OK, 0 rows affected (0.005 sec)
```

тепер, зайшовши як `sasha`, бачимо, що
відображається база `music_store`.
Із нею можна виконувати всі дії.

```sql
MariaDB [(none)]> show schemas;
+--------------------+
| Database           |
+--------------------+
| information_schema |
| music_store        |
| test               |
+--------------------+
3 rows in set (0.025 sec)
```

Але, можливо, варто його обмежити:

2. Приберу всі дозволи.

```sql
MariaDB [(none)]> revoke all privileges on music_store.* from sasha@localhost;
Query OK, 0 rows affected (0.015 sec)
```

3. Надам окремі дозволи на свій розсуд:

```sql
MariaDB [(none)]> grant select, insert, drop, delete, alter on music_store.* to sasha@
localhost;
Query OK, 0 rows affected (0.017 sec)
```

4. Забороню видаляти що-небудь:

```sql
MariaDB [(none)]> revoke drop, delete on music_store.* from sasha@localhost;
Query OK, 0 rows affected (0.007 sec)
```

Перевірка:
```sql
MariaDB [music_store]> select * from bowed;
+------+------+------------+
| size | id   | id_product |
+------+------+------------+
|  4.9 | 1002 |       2009 |
|    4 | 1016 |       2008 |
|    4 | 1042 |       2005 |
|    4 | 1043 |       2006 |
|    4 | 1044 |       2007 |
|    4 | 1046 |       2010 |
|  4.3 | 1102 |       2003 |
|  4.7 | 1132 |       2004 |
|  4.2 | 3302 |       2001 |
|  4.5 | 6502 |       2002 |
+------+------+------------+
10 rows in set (0.000 sec)

MariaDB [music_store]> drop table bowed;
ERROR 1142 (42000): DROP command denied to user 'sasha'@'localhost' for table
`music_store`.`bowed`
```

# Висновок

У цій роботі я навчився писати прості запити
`select` (зокрема вибирати рядки впорядковано,
в обмежених проміжках, за регулярними виразами
та подібностями, з агрегатними функціями, групувати
вибірки), створювати подання та працювати з користувачами.
