---
pdf-engine: xelatex
header-includes:
- \input{$UNI/.templates/settings/preamble.tex}
- \input{$UNI/.templates/settings/minted_settings.tex}
- \newcommand\Type{\Lab}
- \Work{db}
- \renewcommand\Variant{6}
- \newcommand\Date{16.11.\the\year}
- \newcommand\Number{6}
- \newcommand\Topic{Написання збережених програмних конструкцій}
---

\input{$UNI/.templates/parts/header.tex}
придбання навичок створення та використання вбудованих
процедур і курсорів, тригерів, транзакцій в середовищі MySQL.

# Завдання для виконання лабораторної роботи

Ознайомитись із теоретичним матеріалом. Виконати завдання лабораторної
роботи: завдання 4.1.1 – 4.1.3, 4.2.1 – 4.2.4, 4.3.1 – 4.3.4, 4.4.1, 4.5.1–4.5.2 –
тренувальні, завдання 4.1.4, 4.2.5, 4.3.5, 4.4.2, 4.5.3 – 4.5.4 виконати для раніше
створеної бази даних за вибраною індивідуальною предметною областю.

# Виконання завдань

## Тренувальні завдання

### 4.1.1. Планування одноразової події.

```sql
MariaDB [test]> SET GLOBAL event_scheduler = ON;
Query OK, 0 rows affected (0.000 sec)

create table if not EXISTS messages (
    id int primary key auto_increment,
    message varchar(255) not null
);

MariaDB [test]> create event if not exists insert_message_event
    -> on schedule at current_timestamp + interval 10 second
    -> do
    ->     insert into messages (message) values ('Planned insertion');
Query OK, 0 rows affected, 1 warning (0.007 sec)

insert into messages (message) values ('insertion');

MariaDB [test]> select * from messages;
+----+-------------------+
| id | message           |
+----+-------------------+
|  1 | insertion         |
|  2 | Planned insertion |
+----+-------------------+
```

### 4.1.2. Неусунена одноразова подія.

```sql
> create event preserved_onetime
on schedule at current_timestamp + interval 10 second
on completion preserve
do
    insert into messages (message) values ('A message');

MariaDB [test]> select * from messages;
+----+-------------------+
| id | message           |
+----+-------------------+
|  1 | insertion         |
|  2 | Planned insertion |
|  3 | Planned insertion |
|  4 | A message         |
+----+-------------------+
4 rows in set (0.001 sec)
```

### 4.1.3. Планування циклічної події.

```sql
> create event regular_event
on schedule
every 10 second
starts current_timestamp
ends current_timestamp + interval 1 minute
do
	insert into messages (message) values ('Useless info');

MariaDB [test]> select * from messages;
+----+-------------------+
| id | message           |
+----+-------------------+
|  1 | insertion         |
|  2 | Planned insertion |
|  3 | Planned insertion |
|  4 | A message         |
|  5 | Useless info      |
|  6 | Useless info      |
|  7 | Useless info      |
+----+-------------------+
7 rows in set (0.001 sec)
```

### 4.2.1. Створити базу даних trigger_demo, таблицю account та INSERT-тригер за зразком. Тригер сумує значення, які вставляються в один зі стовпчиків таблиці.

```sql
> create table account (act_num int, amount decimal(10,2));

create trigger ins_sum before insert on account
	for each row set @sum = @sum + new.amount;

set @sum = 0;
insert into account values
(137,14.98), (141, 1937.50), (97, -100.00);
insert into account values
(1370, 4.98), (41, 37.50), (7, -230.00);

select @sum as 'Total amount inserted';

+-----------------------+
| Total amount inserted |
+-----------------------+
|               1664.96 |
+-----------------------+
```

### 4.2.2. Створити тригер ins_transaction, який сумує депозити та зняття коштів окремо. Задати активацію цього тригера перед тригером ins_sum.

```sql
> create trigger ins_transaction before insert on account
for each row precedes ins_sum
set @deposits = @deposits + if(new.amount>0, new.amount, 0),
@withdrawals = @withdrawals + if(new.amount<0, -new.amount, 0);

set @deposits = 0;
set @withdrawals = 0;

insert into account values
(137,14.98), (141, 1937.50), (97, -100.00);

select @withdrawals as 'withdrawals', @deposits as 'deposits';

+-------------+----------+
| withdrawals | deposits |
+-------------+----------+
|      100.00 |  1952.48 |
+-------------+----------+
```

### 4.2.3. Створити тригер UPDATE, який перевіряє нове значення, яке буде використовуватись для оновлення кожного рядка, і змінює значення в діапазоні від 0 до 100. Оскільки нове значення потрібно перевіряти перед тим, ніж оновити рядок, час тригера буде BEFORE.

```sql
> delimiter //
create trigger upd_check before update on account
for each row
begin
	if new.amount < 0 then
    set new.amount =  0;
    elseif new.amount > 100 then
    set new.amount = 100;
    end if;
end;//
delimiter ;

update account set amount=-10 where act_num = 97;
select * from account where act_num = 97;
update account set amount=120 where act_num = 97;
select * from account where act_num = 97;

+---------+--------+
| act_num | amount |
+---------+--------+
|      97 |   0.00 |
|      97 |   0.00 |
+---------+--------+
+---------+--------+
| act_num | amount |
+---------+--------+
|      97 | 100.00 |
|      97 | 100.00 |
+---------+--------+
```

### 4.3.1.

```sql
>
create table if not exists employees (
    id int auto_increment primary key,
    job_id varchar(15) not null,
    job_title varchar(45) not null ,
    min_salary int not null,
    max_salary int not null
);

INSERT INTO employees (job_id, job_title, min_salary, max_salary)
VALUES
('m', 'manager', 30000, 60000),
('m', 'boss', 200000, 700000),
('m', 'financier', 200000, 70000),
('v', 'designer', 28000, 50500),
('i', 'tester', 49000, 50000),
('i', 'analyst', 32000, 212100),
('i', 'admin', 28000, 50500),
('i', 'marketologist', 30000, 60000),
('v', 'architect', 38000, 76000);

DELIMITER //

create procedure my_proc_select()
begin
    select * from employees;
end//

call my_proc_select //

+----+--------+---------------+------------+------------+
| id | job_id | job_title     | min_salary | max_salary |
+----+--------+---------------+------------+------------+
|  1 | m      | manager       |      30000 |      60000 |
|  2 | m      | boss          |     200000 |      70000 |
|  3 | m      | financier     |     200000 |      70000 |
|  4 | v      | designer      |      28000 |      55000 |
|  5 | v      | architect     |      38000 |      76000 |
|  6 | m      | manager       |      30000 |      60000 |
|  7 | m      | boss          |     200000 |     700000 |
|  8 | m      | financier     |     200000 |      70000 |
|  9 | v      | designer      |      28000 |      50500 |
| 10 | i      | tester        |      49000 |      50000 |
| 11 | i      | analyst       |      32000 |     212100 |
| 12 | i      | admin         |      28000 |      50500 |
| 13 | i      | marketologist |      30000 |      60000 |
| 14 | v      | architect     |      38000 |      76000 |
+----+--------+---------------+------------+------------+
```

### 4.3.2. Створити збережену процедуру з використанням параметра OUT, результатом якої буде найбільша зарплата працівника зі стовпця max_salary, за прикладом

```sql
> DELIMITER //
create procedure my_proc_out(out highest_salary int)
begin
select max(max_salary) into highest_salary from employees;
end//

call my_proc_out(@m) //
select @m //

+--------+
| @m     |
+--------+
| 700000 |
+--------+
```

### 4.3.3. Створити збережену процедуру з використанням оператора CASE, яка обчислюватиме кількість співробітників, що задовольняють умовам:

```
min_salary > 10000
min_salary < 10000
min_salary = 10000
```

```sql
> DELIMITER //

create procedure my_proc_case(inout no_employees int, in salary int)
begin
    case
    when (salary > 10000) then
        select count(job_id) into no_employees from employees where min_salary > 10000;
    when (salary < 10000) then
        select count(job_id) into no_employees from employees where min_salary < 10000;
    else
        select count(job_id) into no_employees from employees where min_salary = 10000;
    end case;
end//

DELIMITER ;


call my_proc_case(@c, 10001);
select @c;
call my_proc_case(@c, 2);
select @c;
call my_proc_case(@c, 10000);
select @c;

+------+
| @c   |
+------+
|   14 |
+------+
+------+
| @c   |
+------+
|    0 |
+------+
+------+
| @c   |
+------+
|    0 |
+------+
```

### 4.3.4. Створити збережену процедуру, яка за назвою посади співробітника знаходить його мінімальну зарплату, за прикладом

```sql
> DELIMITER //
create procedure my_proc_select2(in title varchar(45), out salary int)
begin
select min_salary into salary from employees where job_title = title;
end //

+-------+
| @s    |
+-------+
| 28000 |
+-------+
```

### 4.3.5. Створити збережену функцію, яка за назвою посади повертатиме стрічку–вітання.

```sql
> DELIMITER //
create function hello (s char(20))
returns char(50)
deterministic
begin
return concat('Hello,   ', s, '!');
end //

DELIMITER ;

set @title = (select job_title from employees where id = 5);
set @text_hello = hello(@title);

select @text_hello;

+---------------------+
| @text_hello         |
+---------------------+
| Hello,   architect! |
+---------------------+
```

### 4.4.1. У базі даних company для таблиці employees, яка містить дані про посади працівників на компанії, створити процедуру із курсором для вибору з таблиці рядків про посади, мінімальна зарплата яких не перевищує 5000, за прикладом на рисунку:

```sql
> delimiter //
create procedure my_proc_cursor()
begin

declare done int default 0;
declare id varchar(15);
declare fn varchar(45);
declare bal int;

declare mycursor cursor for select job_id, job_title, min_salary from employees where min_salary<50000;
declare continue handler for not found set done = 1;

open mycursor;
fetch_loop: loop
	fetch mycursor into id, fn, bal;
	if done then leave fetch_loop;
	end if;
	select id,fn,bal;
end loop;
close mycursor;
end //
DELIMITER ;

call my_proc_cursor;

+------+---------+-------+
| id   | fn      | bal   |
+------+---------+-------+
| m    | manager | 30000 |
+------+---------+-------+
+------+----------+-------+
| id   | fn       | bal   |
+------+----------+-------+
| v    | designer | 28000 |
+------+----------+-------+
+------+-----------+-------+
| id   | fn        | bal   |
+------+-----------+-------+
| v    | architect | 38000 |
+------+-----------+-------+
+------+---------+-------+
| id   | fn      | bal   |
+------+---------+-------+
| m    | manager | 30000 |
+------+---------+-------+
+------+----------+-------+
| id   | fn       | bal   |
+------+----------+-------+
| v    | designer | 28000 |
+------+----------+-------+
+------+--------+-------+
| id   | fn     | bal   |
+------+--------+-------+
| i    | tester | 49000 |
+------+--------+-------+
+------+---------+-------+
| id   | fn      | bal   |
+------+---------+-------+
| i    | analyst | 32000 |
+------+---------+-------+
+------+-------+-------+
| id   | fn    | bal   |
+------+-------+-------+
| i    | admin | 28000 |
+------+-------+-------+
+------+---------------+-------+
| id   | fn            | bal   |
+------+---------------+-------+
| i    | marketologist | 30000 |
+------+---------------+-------+
+------+-----------+-------+
| id   | fn        | bal   |
+------+-----------+-------+
| v    | architect | 38000 |
+------+-----------+-------+
```

### 4.5.1.

```sql
create table train(
id int primary key,
start_station varchar(20) not null,
finish_station varchar(20) not null);
```

```sql
MariaDB [tryger_demo]> start transaction;
Query OK, 0 rows affected (0.000 sec)

MariaDB [tryger_demo]> insert INTO train VALUES(760, 'Львів', 'Ковель');
Query OK, 1 row affected (0.001 sec)

MariaDB [tryger_demo]> select * from train where start_station
 = 'Львів';
+-----+---------------+----------------+
| id  | start_station | finish_station |
+-----+---------------+----------------+
| 760 | Львів         | Ковель         |
+-----+---------------+----------------+
1 row in set (0.001 sec)

MariaDB [tryger_demo]> rollback;
Query OK, 0 rows affected (0.000 sec)

MariaDB [tryger_demo]> select * from train where start_station
 = 'Львів';
Empty set (0.001 sec)

MariaDB [tryger_demo]> insert into train values(760, 'Львів', 'Ковель');
Query OK, 1 row affected (0.006 sec)

MariaDB [tryger_demo]> commit;
Query OK, 0 rows affected (0.000 sec)

MariaDB [tryger_demo]> select * from train where start_station
= 'Львів';
+-----+---------------+----------------+
| id  | start_station | finish_station |
+-----+---------------+----------------+
| 760 | Львів         | Ковель         |
+-----+---------------+----------------+
1 row in set (0.001 sec)
```

### 4.5.2.

```sql
> create table account_bank
(
account_number int not null primary key,
balans int
);
insert into account_bank
values
('12345678','5000'),
('12342145','15000'),
('56234678','6000'),
('54545678','7800'),
('99045775','5000');
```

```sql
MariaDB [tryger_demo]> update account_bank set balans=balans-2500 where account_number= 12345678;
Query OK, 1 row affected (0.009 sec)
Rows matched: 1  Changed: 1  Warnings: 0

MariaDB [tryger_demo]> update account_bank set balans=balans+2500 where account_number= 56234678;
Query OK, 1 row affected (0.001 sec)
Rows matched: 1  Changed: 1  Warnings: 0

MariaDB [tryger_demo]> select * from account_bank;
+----------------+--------+
| account_number | balans |
+----------------+--------+
|       12342145 |  15000 |
|       12345678 |   2500 |
|       54545678 |   7800 |
|       56234678 |   8500 |
|       99045775 |   5000 |
+----------------+--------+
5 rows in set (0.001 sec)

MariaDB [tryger_demo]> rollback;
Query OK, 0 rows affected (0.000 sec)

MariaDB [tryger_demo]> select * from account_bank;
+----------------+--------+
| account_number | balans |
+----------------+--------+
|       12342145 |  15000 |
|       12345678 |   5000 |
|       54545678 |   7800 |
|       56234678 |   6000 |
|       99045775 |   5000 |
+----------------+--------+
5 rows in set (0.001 sec)

MariaDB [tryger_demo]> update account_bank set balans=balans-2500 where account_number= 12345678;
Query OK, 1 row affected (0.009 sec)
MariaDB [tryger_demo]> update account_bank set balans=balans-2500 where account_number= 12342145;
Query OK, 1 row affected (0.033 sec)
Rows matched: 1  Changed: 1  Warnings: 0

MariaDB [tryger_demo]> update account_bank set balans=balans+2500 where account_number= 99045775;
Query OK, 1 row affected (0.030 sec)
Rows matched: 1  Changed: 1  Warnings: 0

MariaDB [tryger_demo]> select * from account_bank;
+----------------+--------+
| account_number | balans |
+----------------+--------+
|       12342145 |  12500 |
|       12345678 |   5000 |
|       54545678 |   7800 |
|       56234678 |   6000 |
|       99045775 |   7500 |
+----------------+--------+
5 rows in set (0.001 sec)

MariaDB [tryger_demo]> commit;
Query OK, 0 rows affected (0.000 sec)

MariaDB [tryger_demo]> select * from account_bank;
+----------------+--------+
| account_number | balans |
+----------------+--------+
|       12342145 |  12500 |
|       12345678 |   5000 |
|       54545678 |   7800 |
|       56234678 |   6000 |
|       99045775 |   7500 |
+----------------+--------+
5 rows in set (0.000 sec)
```

## Завдання для раніше створеної бази

### 4.1.4. Виконати планування 3-х видів подій для раніше створеної бази даних за індивідуальною предметною областю. Продемонструвати результати роботи у вигляді скріншотів скриптів та результатів їх виконання.

Встановив планувальник подій на постійній основі та перевірив, чи він запущений

```sql
MariaDB [(none)]> SELECT ID, STATE FROM information_schema.PROCESSLIST WHERE USER='event_scheduler';
+----+------------------------+
| ID | STATE                  |
+----+------------------------+
|  1 | Waiting on empty queue |
+----+------------------------+
1 row in set (0.001 sec)

1. Одноразова подія (видалення працівника)

MariaDB [music_store]> select * from employee;
+------+---------+------------+----------+--------+-------------+
| id   | fname   | mname      | lname    | salary | position    |
+------+---------+------------+----------+--------+-------------+
|    0 | Edward  | Joseph     | Turner   |  45000 | salesperson |
|  230 | Daniel  | Eric       | Young    |  70000 | salesperson |
| 1001 | Richard | Charles    | Hall     |  50000 | salesperson |
| 1020 | Mary    | Donald     | Garcia   |  45000 | salesperson |
| 1102 | David   | Alfred     | Anderson |  60000 | manager     |
| 1111 | Helen   | Johann     | King     |  70000 | technician  |
| 1234 | Susan   | Fmeow      | Wright   |  60000 | salesperson |
| 2101 | Linda   | Bob        | Clark    |  55000 | supervisor  |
| 4321 | George  | George     | Harris   |  55000 | salesperson |
| 9999 | Karen   | Heeeeeeeee | Lee      |  50000 | salesperson |
+------+---------+------------+----------+--------+-------------+
10 rows in set (0.005 sec)
```

```sql
MariaDB [music_store]> create event delete_1102_manager
    -> on schedule at current_timestamp + interval 10 second
    -> do
    -> delete from employee where id = 1102;
Query OK, 0 rows affected (0.007 sec)

MariaDB [music_store]> select * from employee where id = 1102;
Empty set (0.000 sec)
```

2. Неусунена одноразова подія --- підвищення зарплати:

```sql

create event salary_increase
on schedule at current_timestamp + interval 10 second
on completion preserve
do
    update employee set salary = salary + 5

MariaDB [music_store]> select event_name, event_type, status from information_schema.events;
+-------------------+------------+----------+
| event_name        | event_type | status   |
+-------------------+------------+----------+
| preserved_onetime | ONE TIME   | DISABLED |
| salary_increase   | ONE TIME   | DISABLED |
+-------------------+------------+----------+
2 rows in set (0.002 sec)
```

3. Повторювана подія --- збільшення цін на товари:

```sql
> create event price_increase
on schedule every 1 minute
starts current_timestamp
ends current_timestamp + interval 1 hour
do
    update product set price = price + price * 1/100

MariaDB [music_store]> select price from product;
+---------+
| price   |
+---------+
| 787.787 |
| 1050.39 |
| 393.887 |
| 170.677 |
| 984.737 |
| 984.737 |
| 984.737 |
| 984.737 |
| 984.737 |
| 984.737 |
| 459.537 |
| 459.537 |
| 459.537 |
| 459.537 |
| 459.537 |
| 459.537 |
| 459.537 |
| 459.537 |
| 459.537 |
| 459.537 |
| 1181.69 |
| 262.587 |
| 459.537 |
| 525.187 |
| 656.487 |
+---------+
25 rows in set (0.001 sec)

MariaDB [music_store]> select price from product limit 5;
+---------+
| price   |
+---------+
| 803.621 |
|  1071.5 |
| 401.804 |
| 174.107 |
| 1004.53 |
+---------+
5 rows in set (0.001 sec)
```


### 4.2.4. Створити не менше 2 тригерів для раніше створеної бази даних за індивідуальною предметною областю. Продемонструвати результати роботи у вигляді скріншотів скриптів та результатів їх виконання.

```sql
> create trigger sold_items_updater before insert on order_details
	for each row
	set @items_sold = @items_sold + new.quantity_of_goods;

MariaDB [music_store]> select @items_sold
    -> ;
+-------------+
| @items_sold |
+-------------+
|          32 |
+-------------+
1 row in set (0.000 sec)

MariaDB [music_store]> insert into order_details (quantity_of_goods, id_order, id_product)
	values (4, 7, 1003);
Query OK, 1 row affected (0.008 sec)

MariaDB [music_store]> select @items_sold
    -> ;
+-------------+
| @items_sold |
+-------------+
|          36 |
+-------------+
1 row in set (0.000 sec)
```

### 4.3.6. Створити не менше 3 збережених процедур та 2 збережених функцій для раніше створеної бази даних за індивідуальною предметною областю. Продемонструвати їх скрипти та результати їх виконання у вигляді скріншотів.

1. Процедура рангування зарплат:

```sql
> DELIMITER //

create procedure rank_wages ()

begin
select fname, mname, lname,
CASE
	WHEN salary < (select avg(salary) from employee)
		then 'small'
	else 'big'
end as salary
from employee;

end//

MariaDB [music_store]> call rank_wages();
+---------+------------+--------+--------+
| fname   | mname      | lname  | salary |
+---------+------------+--------+--------+
| Edward  | Joseph     | Turner | small  |
| Daniel  | Eric       | Young  | big    |
| Richard | Charles    | Hall   | small  |
| Mary    | Donald     | Garcia | small  |
| Helen   | Johann     | King   | big    |
| Susan   | Fmeow      | Wright | big    |
| Linda   | Bob        | Clark  | small  |
| George  | George     | Harris | small  |
| Karen   | Heeeeeeeee | Lee    | small  |
+---------+------------+--------+--------+
9 rows in set (0.004 sec)
Query OK, 0 rows affected (0.005 sec)
```

2. Процедура для визначення матеріалів за `id` товару:

```sql
> DELIMITER //
create procedure get_materials (input_id int)
begin

select material.name as material, product_has_material.part_name
from product_has_material
join product on product_has_material.id_product = product.id
join material on product_has_material.id_material = material.id
where id_product = input_id;

end //

MariaDB [music_store]> call get_materials(1001);
+----------+-----------+
| material | part_name |
+----------+-----------+
| Oak      | fretboard |
| Acacia   | body      |
| Mahagoni | neck      |
+----------+-----------+
3 rows in set (0.001 sec)
Query OK, 0 rows affected (0.002 sec)
```

3. Процедура, яка полегшує вибірку замовлень до чи після обіду.

```sql
> delimiter //
create procedure sales(in param varchar(20))
begin
    case
    when (param = 'am') then
	select * from order_sheet where hour(date) < 12;
    when (param = 'pm') then
	select * from order_sheet where hour(date) > 12;
    else
	select * from order_sheet;
    end case;
end//

MariaDB [music_store]> call sales('am');
+---------------------+----+----------+-----------+
| date                | id | id_buyer | id_seller |
+---------------------+----+----------+-----------+
| 2023-10-13 10:00:00 |  1 |        1 |      2101 |
| 2023-10-13 11:00:00 |  2 |        2 |      2101 |
+---------------------+----+----------+-----------+
2 rows in set (0.001 sec)

Query OK, 0 rows affected (0.001 sec)

MariaDB [music_store]> call sales('pm');
+---------------------+----+----------+-----------+
| date                | id | id_buyer | id_seller |
+---------------------+----+----------+-----------+
| 2023-10-13 13:00:00 |  4 |        4 |      1020 |
| 2023-10-13 14:00:00 |  5 |        5 |       230 |
| 2023-10-13 15:00:00 |  6 |        6 |      1234 |
| 2023-10-13 16:00:00 |  7 |        7 |      4321 |
| 2023-10-13 17:00:00 |  8 |        8 |      9999 |
| 2023-10-13 18:00:00 |  9 |        9 |         0 |
| 2023-10-13 19:00:00 | 10 |       10 |         0 |
+---------------------+----+----------+-----------+
7 rows in set (0.000 sec)

Query OK, 0 rows affected (0.000 sec)
```

4. Функція, яка повертає кількість продавців, які нічого не продали:

```sql
> DELIMITER //
create function get_leeches ()
returns int
deterministic
begin

declare var int;
select count(*) into var from employee where id not in (select id_seller from order_sheet)
	and position regexp "sales";

return var;
end //

MariaDB [music_store]> set @lazy = get_leeches();
Query OK, 0 rows affected (0.002 sec)

MariaDB [music_store]> select @lazy;
+-------+
| @lazy |
+-------+
|     0 |
+-------+
1 row in set (0.000 sec)
```

5. Функція для визначення суми цін проданих товарів:

```sql
> DELIMITER //
create function sold_sum ()
returns float
deterministic
begin
declare sold_item_sum float ;
select sum(price * (select sum(quantity_of_goods) from order_details where id_product = product.id))
	into sold_item_sum from product where id in (select id_product from order_details) ;
return sold_item_sum;
end //

MariaDB [music_store]> set @sum = sold_sum(); select @sum;
Query OK, 0 rows affected (0.001 sec)
+--------------+
| @sum         |
+--------------+
| 43006.515625 |
+--------------+
1 row in set (0.000 sec)
```

### 4.4.2. Створіть не менше 2 збережених процедур із використанням курсорів для раніше створеної бази даних за індивідуальною предметною областю. Продемонструйте їх скрипти та результати їх виконання у вигляді скріншотів.

1. Процедура з курсором, яка вибирає номери телефону виробників і записує їх у змінну, розділяючи `;`:

```sql
> DELIMITER $$
drop procedure if exists createphoneList $$
CREATE PROCEDURE createphoneList (
	INOUT phonelist varchar(4000)
)
BEGIN
	DECLARE finished INTEGER DEFAULT 0;
	DECLARE phone_var varchar(100) DEFAULT "";


MariaDB [music_store]> set @phonelist = ""; call createphonelist(@phonelist); select @phonelist;
Query OK, 0 rows affected (0.000 sec)
Query OK, 0 rows affected (0.000 sec)
+------------------------------------------------------------------------------------------------------+
| @phonelist                                                                                           |
+------------------------------------------------------------------------------------------------------+
| 952431122;953448769;982435342;953433421;982346789;952423345;952387645;982349876;683245678;952341234; |
+------------------------------------------------------------------------------------------------------+
1 row in set (0.000 sec)
```

2. Процедура, яка вибирає `id` клієнта та суму його замовлень:

```sql
> DELIMITER //
drop PROCEDURE if exists calculate_total_order_amounts //
CREATE PROCEDURE calculate_total_order_amounts()
BEGIN
    DECLARE done INT DEFAULT 0;
    DECLARE customer_id INT;
    DECLARE total_amount DECIMAL(10, 2);

    DECLARE customer_cursor
    	CURSOR FOR
    		select distinct id_buyer from order_sheet;

    DECLARE CONTINUE HANDLER FOR NOT FOUND SET done = 1;

    OPEN customer_cursor;

    read_customers: LOOP
        FETCH customer_cursor INTO customer_id;

        IF done THEN
            LEAVE read_customers;
        END IF;

        -- Обчислення загальної суми цін товарів для кожного клієнта
        SET total_amount = (
            SELECT SUM(product.price * order_details.quantity_of_goods)
            FROM order_sheet
            JOIN order_details ON order_sheet.id = order_details.id_order
            JOIN product ON order_details.id_product = product.id
            WHERE order_sheet.id_buyer = customer_id
        );

	select customer_id, total_amount;
    END LOOP;

    CLOSE customer_cursor;

END //
DELIMITER ;

MariaDB [music_store]> call calculate_total_order_amounts;
+-------------+--------------+
| customer_id | total_amount |
+-------------+--------------+
|           1 |      9660.37 |
+-------------+--------------+
1 row in set (0.002 sec)
+-------------+--------------+
| customer_id | total_amount |
+-------------+--------------+
|           2 |      8348.51 |
+-------------+--------------+
1 row in set (0.003 sec)
+-------------+--------------+
| customer_id | total_amount |
+-------------+--------------+
|           3 |     14383.19 |
+-------------+--------------+
1 row in set (0.003 sec)
+-------------+--------------+
| customer_id | total_amount |
+-------------+--------------+
|           4 |       834.84 |
+-------------+--------------+
1 row in set (0.004 sec)
+-------------+--------------+
| customer_id | total_amount |
+-------------+--------------+
|           5 |       834.84 |
+-------------+--------------+
1 row in set (0.004 sec)
+-------------+--------------+
| customer_id | total_amount |
+-------------+--------------+
|           6 |      4293.51 |
+-------------+--------------+
1 row in set (0.005 sec)
+-------------+--------------+
| customer_id | total_amount |
+-------------+--------------+
|           7 |      4651.26 |
+-------------+--------------+
1 row in set (0.005 sec)
+-------------+--------------+
| customer_id | total_amount |
+-------------+--------------+
|           8 |         NULL |
+-------------+--------------+
1 row in set (0.006 sec)
+-------------+--------------+
| customer_id | total_amount |
+-------------+--------------+
|           9 |         NULL |
+-------------+--------------+
1 row in set (0.006 sec)
+-------------+--------------+
| customer_id | total_amount |
+-------------+--------------+
|          10 |         NULL |
+-------------+--------------+
1 row in set (0.007 sec)
Query OK, 0 rows affected (0.007 sec)
```

### 4.5.3. Складіть не менше 2 скриптів транзакцій для раніше створеної бази даних за індивідуальною предметною областю. Продемонструйте скрипти та результати їх виконання у вигляді скріншотів.

1. Трансакція для видалення покупця з усіма його замовленнями:

```sql
MariaDB [music_store]> start TRANSACTION;
Query OK, 0 rows affected (0.000 sec)

MariaDB [music_store]> delete from order_sheet where id_buyer = 4;
Query OK, 1 row affected (0.006 sec)

MariaDB [music_store]> delete from buyer where id = 4;
Query OK, 1 row affected (0.000 sec)

MariaDB [music_store]> commit;
Query OK, 0 rows affected (0.006 sec)
```

2. Трансакція видалення виробника (спроби це зробити були невдалими, тому я повернув усе, як було)

```sql
MariaDB [music_store]> start transaction;
Query OK, 0 rows affected (0.000 sec)

MariaDB [music_store]> update product set id_manufacturer = NULL where id_manufacturer = 5;
ERROR 1048 (23000): Column 'id_manufacturer' cannot be null

MariaDB [music_store]> create table manufacturer_old as select * from manufacturer where id = 5;
Query OK, 1 row affected (0.049 sec)
Records: 1  Duplicates: 0  Warnings: 0

MariaDB [music_store]> delete from manufacturer where id = 5;
ERROR 1451 (23000): Cannot delete or update a parent row: a foreign key constraint fails (`music_store`.`product`, CONSTRAINT `product_ibfk_1` FOREIGN KEY (`id_manufacturer`) REFERENCES `manufacturer` (`id`) ON DELETE NO ACTION ON UPDATE NO ACTION)
MariaDB [music_store]> rollback;
Query OK, 0 rows affected (0.000 sec)
```

### 4.5.4. Запропонуйте різні варіанти блокування у базі даних (не менше 2 скриптів).

1. Нехай потрібно зробити звіт про характеристики гітар конкретно зараз,
тоді можна заблокувати таблицю `guitar`, щоб інші не змогли туди записати за
цей час:

```sql
MariaDB [music_store]> lock tables guitar read;
Query OK, 0 rows affected (0.000 sec)

MariaDB [music_store]> select * from guitar;
+---------------+--------+-------+---------+-------+--------+------------+
| scaled_length | length | width | strings | frets | id     | id_product |
+---------------+--------+-------+---------+-------+--------+------------+
|          25.5 |     41 |    14 |       6 |    22 | 890891 |       1001 |
|         24.75 |     39 |    13 |       6 |    24 | 890892 |       1002 |
|            26 |     42 |    15 |       6 |    22 | 890893 |       1003 |
|            25 |     40 |    14 |       6 |    21 | 890894 |       1004 |
|          25.5 |     41 |    14 |       6 |    24 | 890895 |       1005 |
|          22.5 |     36 |    11 |       5 |    20 | 890896 |       1006 |
|            23 |     37 |    12 |       6 |    22 | 890897 |       1007 |
|          24.5 |     39 |    14 |       6 |    20 | 890898 |       1008 |
|            25 |     40 |    15 |       7 |    22 | 890899 |       1009 |
|            24 |     38 |    13 |       6 |    21 | 890900 |       1010 |
+---------------+--------+-------+---------+-------+--------+------------+
10 rows in set (0.000 sec)

MariaDB [music_store]> insert into guitar values(0,1,2,34,444);
ERROR 1099 (HY000): Table 'guitar' was locked with a READ lock and can't be updated
MariaDB [music_store]> unlock tables ;
Query OK, 0 rows affected (0.000 sec)
```

2. Нехай треба додати новий товар від нового виробника. Оскільки `id` в цих таблицях встановленні з `auto_increment` (і взагалі щоб не виникло конфлікту, якщо хтось паралельно вирішив додати той самий товар),
логічно буде заблокувати їх на час додання товару:

```sql
MariaDB [music_store]> lock tables manufacturer WRITE, product WRITE ;
Query OK, 0 rows affected (0.001 sec)

MariaDB [music_store]> insert into manufacturer (address_code , phone , name )
	values(84848, 923128844, 'libretone');
Query OK, 1 row affected (0.018 sec)

MariaDB [music_store]> INS
INSENSITIVE    INSERT         INSERT_METHOD  INSTR
MariaDB [music_store]> select id from manufacturer where name regexp "libret"
    -> ;
+----+
| id |
+----+
| 13 |
+----+
1 row in set (0.000 sec)

MariaDB [music_store]> insert into product(quantity, price, name , id_manufacturer )
	values (23, 1111111111, 'table', 13);
Query OK, 1 row affected (0.006 sec)

MariaDB [music_store]> unlock tables ;
Query OK, 0 rows affected (0.000 sec)
```

### 4.5.5. Запропонуйте кілька варіантів використання точок збереження в транзакціях (не менше 2 скриптів).

1. У цій трансакції є перевірка того, чи встановилися деталі замовлення. Якщо ні, вона повертається до точки збереження, де встановлена тільки основна інформація про замовлення. Також тут є перевірка, чи кількість товару достатня, якщо ні --- відбувається відкат до початкового стану.

```sql
delimiter //
START TRANSACTION;

set @product_id = 2006;
SELECT @current_stock := quantity FROM product WHERE id = @product_id;

IF @current_stock >= 5 THEN
    set @order_date = CURRENT_TIMESTAMP;

    INSERT INTO order_sheet (date, id_buyer, id_seller) values (@order_date, 9, 230);
    savepoint order_set;

    select @order_id := id from order_sheet where date regexp @order_date;
    INSERT INTO order_details (id_product, quantity_of_goods, id_order)
    	VALUES (@product_id, 5, @order_id);

    IF EXISTS (SELECT 1 FROM order_details WHERE id_product = @product_id
    	AND id_order = @order_id) THEN
    	SAVEPOINT details_set;
    ELSE
	rollback to order_set;
    END IF;

    UPDATE product SET quantity = @current_stock - 5 WHERE id = @product_id;

    COMMIT;
ELSE
    ROLLBACK;
END IF;
//
delimiter ;
```

2. Трансакція з помилковим видаленням покупця з бази і відповідним поверненням до точки збереження.

```sql
MariaDB [music_store]> start transaction;
Query OK, 0 rows affected (0.000 sec)

MariaDB [music_store]> delete from buyer where id = 3;
Query OK, 1 row affected (0.001 sec)

MariaDB [music_store]> savepoint del_3;
Query OK, 0 rows affected (0.000 sec)

MariaDB [music_store]> delete from buyer where id = 5;
Query OK, 1 row affected (0.001 sec)

MariaDB [music_store]> rollback to del_3;
Query OK, 0 rows affected (0.000 sec)

MariaDB [music_store]> delete from buyer where id = 6;
Query OK, 1 row affected (0.001 sec)

MariaDB [music_store]> select * from buyer;
+----+---------+-----------+--------+
| id | fname   | mname     | lname  |
+----+---------+-----------+--------+
|  1 | John    | John      | Doe    |
|  2 | Jane    | Dominique | Smith  |
|  5 | Michael | Fred      | Brown  |
|  7 | William | Gregory   | Davis  |
|  8 | Olivia  | Howard    | Miller |
|  9 | James   | Ivan      | Wilson |
| 10 | Ava     | George    | Moore  |
+----+---------+-----------+--------+
7 rows in set (0.000 sec)

MariaDB [music_store]> commit;
Query OK, 0 rows affected (0.023 sec)
```

# Висновок

Я навчився планувати події засобами `MySQL`, створювати
тригери, збереженні процедури та функції для зручнішої
взаємодії з базою даних. Також дізнався багато про
курсори, блокування та проведення трансакцій.
