---
pdf-engine: xelatex
header-includes:
- \input{$UNI/.templates/settings/preamble.tex}
- \input{$UNI/.templates/settings/minted_settings.tex}
- \newcommand\Type{\Lab}
- \Work{db}
- \renewcommand\Variant{6}
- \newcommand\Date{16.11.\the\year}
- \newcommand\Number{5}
- \newcommand\Topic{Написання запитів SELECT. Ч. 2}
---

\input{$UNI/.templates/parts/header.tex}
отримання практичних навичок об’єднання даних, написання
аналітичних та підсумкових запитів, виконання теоретико-множинних операцій
реляційної алгебри засобами SQL.

# Завдання

До БД обраної предметної області написати та виконати по 5 скриптів до
завдань 1 – 4:

1. Написати різні типи підзапитів (не менше 5) в основних
командах SQL до таблиць бази даних.
2. Використовуючи оператори JOIN, INNERJOIN та OUTERJOIN,
написати скрипти для формування зведених таблиць з вибраних даних під час
створення запитів до бази даних.
3. Використовуючи функцію CASE разом із агрегатними функціями
або без них, написати скрипти для створення запитів різного типу до бази даних (не
менше 3).
4. Використовуючи оператори UNION, INTERSECT, EXCEPT,
написати скрипти для реалізації теоретико-множинних операцій реляційної алгебри
в запитах вибірки даних з таблиць бази даних.
5. Виконайте розділення принаймні 2 таблиць розробленої бази
даних за допомогою RANG, LIST і HASH.

# Етапи розв'язку

### 1. Написати різні типи підзапитів (не менше 5) в основних командах SQL до таблиць бази даних.

1. Вибрати `id` замовлення та ім'я продавця, який його обробляв:

```sql
MariaDB [music_store]> select id, (select fname from employee where id = order_sheet.id_seller)
	as seller_name from order_sheet;
+----+-------------+
| id | seller_name |
+----+-------------+
|  9 | Edward      |
| 10 | Edward      |
|  5 | Daniel      |
|  3 | Richard     |
|  4 | Mary        |
|  6 | Susan       |
|  1 | Linda       |
|  2 | Linda       |
|  7 | George      |
|  8 | Karen       |
+----+-------------+
10 rows in set (0.001 sec)
```

2. Вибрати працівників, які мають зарплату, меншу за середню

```sql
MariaDB [music_store]> select position from employee where salary < (select avg(salary) from employee);
+-------------+
| position    |
+-------------+
| salesperson |
| salesperson |
| salesperson |
| supervisor  |
| salesperson |
| salesperson |
+-------------+
6 rows in set (0.001 sec)
```

3. Вибрати назви товарів, які коли-небудь замовляли:

```sql
MariaDB [music_store]> select name from product where id in (select id_product from order_details)
    -> ;
+-------------------------------------+
| name                                |
+-------------------------------------+
| "GAGA" Electric Guitar              |
| "Malyatko" Electric Guitar          |
| "Spine" Double-Neck Acoustic Guitar |
| "Shredder" Electric Guitar          |
| Ibanjek G1958 Electric Guitar       |
| Ibanjek G2958 Electric Guitar       |
| "chipupino" violin                  |
| "bambino" violin                    |
+-------------------------------------+
8 rows in set (0.001 sec)
```

4. Вибрати кількість струн та ціну гітар.

```sql
MariaDB [music_store]> select strings, (select price from product where id = guitar.id_product)
	as price from guitar;
+---------+--------+
| strings | price  |
+---------+--------+
|       6 | 599.99 |
|       6 | 799.99 |
|       6 | 299.99 |
|       6 | 129.99 |
|       6 | 749.99 |
|       5 | 749.99 |
|       6 | 749.99 |
|       6 | 749.99 |
|       7 | 749.99 |
|       6 | 749.99 |
+---------+--------+
10 rows in set (0.001 sec)
```

5. Вибрати товар, ціна якого менша за ціну кожного товару 4-го виробника:


```sql
MariaDB [music_store]> select * from product where price < all(select price from product
	where id_manufacturer = 4);
+------+----------+--------+----------------------------+-----------------+
| id   | quantity | price  | name                       | id_manufacturer |
+------+----------+--------+----------------------------+-----------------+
| 1004 |       20 | 129.99 | "Shredder" Electric Guitar |               8 |
+------+----------+--------+----------------------------+-----------------+
1 row in set (0.001 sec)
```

### 2. Використовуючи оператори JOIN, INNERJOIN та OUTERJOIN, написати скрипти для формування зведених таблиць з вибраних даних під час створення запитів до бази даних.

1. Вибрав історію кількості замовлених товарів:

```sql
MariaDB [music_store]> select order_details.quantity_of_goods, product.name from order_details
	join product on product.id = order_details.id_product;
+-------------------+-------------------------------------+
| quantity_of_goods | name                                |
+-------------------+-------------------------------------+
|                 5 | "GAGA" Electric Guitar              |
|                 3 | "chipupino" violin                  |
|                 4 | "Malyatko" Electric Guitar          |
|                 1 | "Spine" Double-Neck Acoustic Guitar |
|                 6 | "Shredder" Electric Guitar          |
|                 7 | Ibanjek G1958 Electric Guitar       |
|                 1 | "chipupino" violin                  |
|                 1 | "bambino" violin                    |
|                 3 | "GAGA" Electric Guitar              |
|                 1 | Ibanjek G2958 Electric Guitar       |
+-------------------+-------------------------------------+
10 rows in set (0.001 sec)
```

2. Вибрав характеристики та назви гітар, які ще не продавали

\small
```sql
> select g.*, p.name from guitar as g inner join product as p on p.id = g.id_product
	where g.id_product NOT IN (select id_product from order_details)
+---------------+--------+-------+---------+-------+--------+------------+-------------------------------+
| scaled_length | length | width | strings | frets | id     | id_product | name                          |
+---------------+--------+-------+---------+-------+--------+------------+-------------------------------+
|          22.5 |     36 |    11 |       5 |    20 | 890896 |       1006 | Ibanjek G6958 Electric Guitar |
|          24.5 |     39 |    14 |       6 |    20 | 890898 |       1008 | Ibanjek G3958 Electric Guitar |
|            25 |     40 |    15 |       7 |    22 | 890899 |       1009 | Ibanjek G4958 Electric Guitar |
|            24 |     38 |    13 |       6 |    21 | 890900 |       1010 | Ibanjek G5958 Electric Guitar |
+---------------+--------+-------+---------+-------+--------+------------+-------------------------------+
```
\normalsize

3. Вибрати ім'я та прізвище покупця, дату замовлення та назву замовленого продукту:

```sql
> select buyer.fname, buyer.lname, order_sheet.date,
(select name from product where id = order_details.id_product) as name
from order_sheet
join buyer on order_sheet.id_buyer = buyer.id
join order_details on order_details.id_order = order_sheet.id
+---------+---------+---------------------+-------------------------------------+
| fname   | lname   | date                | name                                |
+---------+---------+---------------------+-------------------------------------+
| John    | Doe     | 2023-10-13 10:00:00 | "GAGA" Electric Guitar              |
| John    | Doe     | 2023-10-13 10:00:00 | "chipupino" violin                  |
| Jane    | Smith   | 2023-10-13 11:00:00 | "Malyatko" Electric Guitar          |
| Jane    | Smith   | 2023-10-13 11:00:00 | "Spine" Double-Neck Acoustic Guitar |
| Robert  | Johnson | 2023-10-13 12:00:00 | "Shredder" Electric Guitar          |
| Robert  | Johnson | 2023-10-13 12:00:00 | Ibanjek G1958 Electric Guitar       |
| Sarah   | Duck    | 2023-10-13 13:00:00 | "chipupino" violin                  |
| Michael | Brown   | 2023-10-13 14:00:00 | "bambino" violin                    |
| Emily   | Jones   | 2023-10-13 15:00:00 | "GAGA" Electric Guitar              |
| William | Davis   | 2023-10-13 16:00:00 | Ibanjek G2958 Electric Guitar       |
+---------+---------+---------------------+-------------------------------------+
```

4. Вибрати прізвища покупця та продавця, id замовлення:

```sql
> select buyer.lname as buyer, employee.lname as seller, order_sheet.id
from order_sheet
join buyer on order_sheet.id_buyer = buyer.id
join employee on order_sheet.id_seller = employee.id

+---------+--------+----+
| buyer   | seller | id |
+---------+--------+----+
| Doe     | Clark  |  1 |
| Smith   | Clark  |  2 |
| Johnson | Hall   |  3 |
| Duck    | Garcia |  4 |
| Brown   | Young  |  5 |
| Jones   | Wright |  6 |
| Davis   | Harris |  7 |
| Miller  | Lee    |  8 |
| Wilson  | Turner |  9 |
| Moore   | Turner | 10 |
+---------+--------+----+
```

5. З'ясувати, з якого матеріалу кожна частина кожного інструмента:

```sql
> select product.name, material.name, product_has_material.part_name
from product_has_material
join product on product_has_material.id_product = product.id
join material on product_has_material.id_material = material.id

+-------------------------------------+----------+-----------+
| name                                | name     | part_name |
+-------------------------------------+----------+-----------+
| "GAGA" Electric Guitar              | Oak      | fretboard |
| "GAGA" Electric Guitar              | Acacia   | body      |
| "GAGA" Electric Guitar              | Mahagoni | neck      |
| "Malyatko" Electric Guitar          | Acacia   | fretboard |
| "Malyatko" Electric Guitar          | Oak      | body      |
| "Malyatko" Electric Guitar          | Maple    | neck      |
| "Spine" Double-Neck Acoustic Guitar | Rosewood | fretboard |
| "Spine" Double-Neck Acoustic Guitar | Oak      | body      |
| "Spine" Double-Neck Acoustic Guitar | Maple    | neck      |
| "Shredder" Electric Guitar          | Rosewood | fretboard |
| "Shredder" Electric Guitar          | Rosewood | body      |
| "Shredder" Electric Guitar          | Rosewood | neck      |
+-------------------------------------+----------+-----------+
```

### 3. Використовуючи функцію CASE разом із агрегатними функціями або без них, написати скрипти для створення запитів різного типу до бази даних (не менше 3).


1. Відобразити імена працівників, і чи велика в них зарплата, чи мала

```sql
> select fname, mname, lname,
CASE
	WHEN salary < (select avg(salary) from employee)
		then 'small'
	else 'big'
end as salary
from employee

+---------+------------+----------+--------+
| fname   | mname      | lname    | salary |
+---------+------------+----------+--------+
| Edward  | Joseph     | Turner   | small  |
| Daniel  | Eric       | Young    | big    |
| Richard | Charles    | Hall     | small  |
| Mary    | Donald     | Garcia   | small  |
| David   | Alfred     | Anderson | big    |
| Helen   | Johann     | King     | big    |
| Susan   | Fmeow      | Wright   | big    |
| Linda   | Bob        | Clark    | small  |
| George  | George     | Harris   | small  |
| Karen   | Heeeeeeeee | Lee      | small  |
+---------+------------+----------+--------+
```

2. Вибірка назви товару та статусу доступності залежно від кількості:

```sql
> select name,
case
	WHEN quantity < 1
	then 'out of stock'
	when quantity < 5
	then 'running out of stock'
	else 'available'
end as availability
from product LIMIT 5
+-------------------------------------+--------------+
| name                                | availability |
+-------------------------------------+--------------+
| "GAGA" Electric Guitar              | available    |
| "Malyatko" Electric Guitar          | available    |
| "Spine" Double-Neck Acoustic Guitar | available    |
| "Shredder" Electric Guitar          | available    |
| Ibanjek G1958 Electric Guitar       | available    |
+-------------------------------------+--------------+
```

3. Вибрати кількість працівників і тих із них, які є продавцями.

```sql
> SELECT
    COUNT(*) AS employees,
    sum(CASE WHEN position = 'salesperson' THEN 1 ELSE 0 END) AS salespeople
from
    employee

+-----------+-------------+
| employees | salespeople |
+-----------+-------------+
|         9 |           7 |
+-----------+-------------+
```

### 4. Використовуючи оператори UNION, INTERSECT, EXCEPT, написати скрипти для реалізації теоретико-множинних операцій реляційної алгебри в запитах вибірки даних з таблиць бази даних.

1. Вибрати імена всіх людей, присутніх у базі:

```sql
> select fname, mname, lname
from buyer
union select fname, mname, lname from employee

+---------+------------+----------+
| fname   | mname      | lname    |
+---------+------------+----------+
| John    | John       | Doe      |
| Jane    | Dominique  | Smith    |
| Robert  | Charles    | Johnson  |
| Sarah   | Donald     | Duck     |
| Michael | Fred       | Brown    |
| Emily   | Michael    | Jones    |
| William | Gregory    | Davis    |
| Olivia  | Howard     | Miller   |
| James   | Ivan       | Wilson   |
| Ava     | George     | Moore    |
| Edward  | Joseph     | Turner   |
| Daniel  | Eric       | Young    |
| Richard | Charles    | Hall     |
| Mary    | Donald     | Garcia   |
| David   | Alfred     | Anderson |
| Helen   | Johann     | King     |
| Susan   | Fmeow      | Wright   |
| Linda   | Bob        | Clark    |
| George  | George     | Harris   |
| Karen   | Heeeeeeeee | Lee      |
+---------+------------+----------+
```

2. Вибрати такі по-батькові покупців, які не співпадають із працівниками:

```sql
> select mname from buyer EXCEPT select mname from employee;

+-----------+
| mname     |
+-----------+
| John      |
| Dominique |
| Fred      |
| Michael   |
| Gregory   |
| Howard    |
| Ivan      |
+-----------+
```

3. Вибрати деталі замовлень, які відбулися в жовтні 2023 року:

```sql
> select  order_details.* from order_details where id_order in (select id from orders_23_10)

+-------------------+----+----------+------------+
| quantity_of_goods | id | id_order | id_product |
+-------------------+----+----------+------------+
|                 5 |  1 |        1 |       1001 |
|                 3 |  2 |        1 |       2001 |
|                 4 |  3 |        2 |       1002 |
|                 1 |  4 |        2 |       1003 |
|                 6 |  5 |        3 |       1004 |
|                 7 |  6 |        3 |       1005 |
|                 1 |  7 |        4 |       2001 |
|                 1 |  8 |        5 |       2002 |
|                 3 |  9 |        6 |       1001 |
|                 1 | 10 |        7 |       1007 |
+-------------------+----+----------+------------+
```

4. Вибрати дати покупки гітари з `id` 1001 у жовтні 2023:

```sql
> select date from order_sheet where id in (select id_order from order_details where id_product = 1001) intersect select date from orders_23_10;

+---------------------+
| date                |
+---------------------+
| 2023-10-13 10:00:00 |
| 2023-10-13 15:00:00 |
+---------------------+
```

5. Вибрати `id` усіх товарів, окрім гітар

```sql
> select id from product EXCEPT select id_product from guitar;

+------+
| id   |
+------+
| 6060 |
| 9097 |
| 9093 |
| 2001 |
| 2002 |
| 2003 |
| 2004 |
| 2005 |
| 2006 |
| 2007 |
| 2008 |
| 2009 |
| 2010 |
| 3303 |
| 9003 |
| 9100 |
+------+
```

### 5. Виконайте розділення принаймні 2 таблиць розробленої бази даних за допомогою RANG, LIST і HASH.

1. Створив дублікат таблиці працівників та розділив за `id`:

```sql
create table employee_old (
  `id` int(11) NOT NULL,
  `fname` varchar(255) DEFAULT NULL,
  `mname` varchar(255) DEFAULT NULL,
  `lname` varchar(255) DEFAULT NULL,
  `salary` float DEFAULT NULL,
  `position` varchar(255) DEFAULT NULL
);

insert into employee_old select * from employee;
```

```sql
> alter table employee_old PARTITION BY RANGE (id)
(
	PARTITION p0 VALUES LESS THAN (1000),
	PARTITION p1 VALUES LESS THAN MAXVALUE
);
select * from employee_old PARTITION (p0)

+-----+--------+--------+--------+--------+-------------+
| id  | fname  | mname  | lname  | salary | position    |
+-----+--------+--------+--------+--------+-------------+
|   0 | Edward | Joseph | Turner |  45000 | salesperson |
| 230 | Daniel | Eric   | Young  |  70000 | salesperson |
+-----+--------+--------+--------+--------+-------------+
```

2. Розбиваю за допомогою оператора `HASH`:

```sql
> alter table employee_old PARTITION BY HASH (id) partitions 4;

> select PARTITION_NAME, TABLE_ROWS, AVG_ROW_LENGTH from information_schema.PARTITIONS
> where table_schema='music_store' and TABLE_NAME = 'employee_old'

+----------------+------------+----------------+
| PARTITION_NAME | TABLE_ROWS | AVG_ROW_LENGTH |
+----------------+------------+----------------+
| p0             |          2 |           8192 |
| p1             |          3 |           5461 |
| p2             |          3 |           5461 |
| p3             |          2 |           8192 |
+----------------+------------+----------------+
```

3. Розділяю за допомогою `LIST`:

```sql
> alter TABLE employee_old
PARTITION BY LIST(id) (
    PARTITION p0 VALUES IN (0, 1020, 1001, 2101, 4321, 230),
    PARTITION p1 VALUES IN (1102, 1234, 1111, 9999)
);

select PARTITION_NAME, TABLE_ROWS, AVG_ROW_LENGTH from information_schema.PARTITIONS
where table_schema='music_store' and TABLE_NAME = 'employee_old'

+----------------+------------+----------------+
| PARTITION_NAME | TABLE_ROWS | AVG_ROW_LENGTH |
+----------------+------------+----------------+
| p0             |          6 |           2730 |
| p1             |          4 |           4096 |
+----------------+------------+----------------+
```

# Висновок

Я навчився користуватися підзапитами, зв'язувати таблиці за допомогою
операторів типу `JOIN`, використовувати `CASE` для умовних переходів.
Також зрозумів, як можна вибирати дані за допомогою `UNION, INTERSECT + EXCEPT`
і розділяти таблиці горизонтально.
